{
    "E": {
        "xtb2": {
            "h": -0.393482763936,
            "c": -1.793296371365,
            "cl": -4.482525134961
        },
        "r2scan": {
            "h": -0.497271685685,
            "c": -37.832216087268,
            "cl": -460.113993288453
        },
        "d4tzvp": {
            "h": -0.50502952734,
            "c": -37.872810957783,
            "cl": -460.15230548958
        }
    },
    "H": {
        "xtb2": {
            "h": -0.391122235556,
            "c": -1.790935842985,
            "cl": -4.480164606581
        },
        "r2scan": {
            "h": -0.4949112052,
            "c": -37.8298556068,
            "cl": -460.111632808
        },
        "d4tzvp": {
            "h": -0.5026690469,
            "c": -37.8704504773,
            "cl": -460.1499450091
        }
    },
    "S": {
        "xtb2": {
            "h": 4.1438025e-05,
            "c": 5.3203128e-05,
            "cl": 5.8342421e-05
        },
        "r2scan": {
            "h": 4.36519e-05,
            "c": 5.67062e-05,
            "cl": 6.05637e-05
        },
        "d4tzvp": {
            "h": 4.36519e-05,
            "c": 5.67062e-05,
            "cl": 6.05637e-05
        }
    },
    "G": {
        "xtb2": {
            "h": -0.403476982651,
            "c": -1.806798355685,
            "cl": -4.497559399337
        },
        "r2scan": {
            "h": -0.5079260179,
            "c": -37.8467625667,
            "cl": -460.1296898864
        },
        "d4tzvp": {
            "h": -0.5156838595,
            "c": -37.8873574372,
            "cl": -460.1680020875
        }
    }
}